Day,Energy delivered (kWh),AVG kWh delivered per session (kWh),Max kWh delivered per session (kWh),Max kW hour (kW),GHGs avoided (lbs),Gasoline avoided (Gal),Electric miles provided (mi),Potential revenue ($),Collected revenue ($),Discounts granted ($)
2023-08-01,0,0,0,-,0,0,0,0,0,0
2023-08-02,0,0,0,-,0,0,0,0,0,0
2023-08-03,0,0,0,-,0,0,0,0,0,0
2023-08-04,0,0,0,7pm,0,0,0,0,0,0
2023-08-05,0,0,0,-,0,0,0,0,0,0
2023-08-06,0,0,0,-,0,0,0,0,0,0
2023-08-07,7.667639,7.667638778686523,7.667639,10am,11.97984074,0.61146121,13.65340643,2.3002915,1.1501458,1.1501457000000002
2023-08-08,0,0,0,-,0,0,0,0,0,0
2023-08-09,3.0734415,3.073441505432129,3.0734415,1pm,4.80191356,0.24509373,5.47273365,0.9220324,0.4610162,0.4610162
2023-08-10,9.190005,9.1900053024292,9.190005,9am,14.3583698,0.73286334,16.36421242,2.7570016,1.3785008,1.3785008
2023-08-11,0.0523525,0.05235249921679497,0.0523525,4pm,0.08179501,0.00417489,0.09322165,0.01570575,0.01570575,0
2023-08-12,19.282673,4.820668242871761,12.417895,11am,30.12705105,1.53771018,34.33575466,5.7848015,5.109861,0.6749404999999999
2023-08-13,0,0,0,-,0,0,0,0,0,0
2023-08-14,16.093304,8.04665207862854,11.041591,8am,25.14401355,1.28337173,28.65659433,4.8279915,2.4139957,2.4139958000000004
2023-08-15,11.075722,11.075721740722656,11.075722,7am,17.30459476,0.88324116,19.72202056,3.3227165,1.6613582,1.6613582999999998
2023-08-16,17.146318,8.573158979415894,11.379438,8am,26.78923185,1.36734506,30.53164715,5.143895,2.5719476,2.5719473999999996
2023-08-17,36.269577,12.089858373006185,13.708824,8am,56.66721609,2.89234266,64.58354075,10.880873,5.4404364,5.440436599999999
2023-08-18,27.7034,4.617233385642369,10.213898,8am,43.28350877,2.20922691,49.3301497,8.311021,4.5009136,3.8101074000000006
2023-08-19,0,0,0,-,0,0,0,0,0,0
2023-08-20,0,0,0,-,0,0,0,0,0,0
2023-08-21,37.547287,9.386821687221527,18.911383,7am,58.66349713,2.99423453,66.85869924,11.264186,5.964349,5.299837
2023-08-22,81.02372,20.255929115926847,46.305424,8am,126.59063131,6.46129294,144.27515167,24.307116,12.503918,11.803198
2023-08-23,48.886066,16.295355876286823,46.62244,1pm,76.37908945,3.89845336,87.0491331,14.66582,7.672454,6.993366
2023-08-24,20.787056,6.929018338521321,12.403359,8am,32.47748366,1.65767825,37.01453916,6.2361164,3.4568698,2.7792466
2023-08-25,15.133047,5.044349034627278,6.895536,7am,23.64371783,1.20679537,26.94670957,4.539914,2.6079888,1.9319251999999993
2023-08-26,26.02348,5.204696083068848,10.792489,12pm,40.65881895,2.07526052,46.33879466,7.807044,7.807044,0
2023-08-27,0,0,0,-,0,0,0,0,0,0
2023-08-28,2.3145652,1.1572826141491532,2.2851338,7am,3.61625299,0.18457661,4.12143808,0.68554014,0.68554014,0
2023-08-29,70.51957,23.506523847579956,47.162643,9am,110.1790548,5.62363219,125.57090266,21.15587,10.917971,10.237899
2023-08-30,47.476475,23.738237857818604,34.48361,7am,74.17675889,3.78604454,84.53914028,14.242943,7.1214714,7.1214716000000005
2023-08-31,15.172133,5.057377815246582,7.0112376,7am,23.7047854,1.20991231,27.01630818,4.55164,2.6156034,1.9360366
2023-09-01,28.60511,7.151277154836862,22.644396,8am,44.69233125,2.2811344,50.93578256,8.581156,4.290578,4.290578
2023-09-02,0,0,0,-,0,0,0,0,0,0
2023-09-03,0,0,0,-,0,0,0,0,0,0
2023-09-04,0,0,0,-,0,0,0,0,0,0
2023-09-05,59.695248,14.9238121509552,27.45658,9am,93.26724484,4.7604391,106.29653834,17.908573,9.849363,8.05921
2023-09-06,49.00095,16.33364935964346,46.750137,8am,76.55858304,3.90761486,87.25370167,14.690385,7.677864,7.012521
2023-09-07,32.576336,8.144084393978119,16.667503,8am,50.89693413,2.59782259,58.0071591,9.772902,5.2198105,4.5530915
2023-09-08,40.855927,13.618642012278238,30.892067,12pm,63.83288242,3.25808433,72.75023986,12.256778,6.4723263,5.784451700000001
2023-09-09,11.233397,3.7444653511047363,6.9911933,10am,17.55094456,0.89581506,20.00278506,3.370019,3.370019,0
2023-09-10,0,0,0,-,0,0,0,0,0,0
2023-09-11,33.542553,11.180850267410278,25.252214,8am,52.40654169,2.67487423,59.72765656,10.062764,5.374388,4.688376
2023-09-12,13.221786,3.305446286110964,12.747758,10am,20.6575832,1.05438053,23.54341643,3.9580092,3.9580092,0
2023-09-13,54.419918,18.139972448349,31.780954,8am,85.02512321,4.33975424,96.90300474,16.325975,8.507786,7.818189
2023-09-14,64.16092,16.040229499340057,28.783388,10am,100.24436509,5.11655722,114.24835177,19.248276,11.178307,8.069969
2023-09-15,40.066124,13.355375289916992,29.053782,9am,62.59890229,3.19510094,71.34387457,12.019837,7.6617703,4.358066700000001
2023-09-16,0.0000044444446,0.000004444444584805751,0.0000044444446,-,0.00000694,3.5e-7,0.00000791,0,0,0
2023-09-17,0,0,0,-,0,0,0,0,0,0
2023-09-18,51.611584,12.902896404266357,32.281864,10am,80.63741089,4.11580169,91.90233563,15.483476,9.75069,5.732785999999999
2023-09-19,8.993732,2.997910658518473,6.654518,8pm,14.05171488,0.71721142,16.01471826,2.6981196,2.6981196,0
2023-09-20,50.708744,16.902915239334106,48.330734,9am,79.22682291,4.04380408,90.29469064,15.212625,7.9630136,7.249611399999999
2023-09-21,47.06787,15.689290444056192,34.482624,10am,73.53835862,3.75346005,83.81155645,14.120361,8.947968,5.172393000000001
2023-09-22,37.171257,18.585628390312195,34.902203,7am,58.0759917,2.96424776,66.18912019,11.151378,5.916047,5.2353309999999995
2023-09-23,7.953546,1.988386476499727,7.953471,1pm,12.42653891,0.63426106,14.16250766,2.3860414,1.1930207,1.1930207
2023-09-24,0,0,0,-,0,0,0,0,0,0
2023-09-25,47.04177,15.68058959643046,31.641348,9am,73.49758024,3.75137869,83.7650814,13.615342,8.869141,4.746200999999999
2023-09-26,5.9805737,5.980573654174805,5.9805737,7am,9.34398717,0.47692501,10.64932809,1.794172,0.897086,0.897086
2023-09-27,36.6212,5.231600238085126,13.24566,9am,57.21658827,2.92038308,65.2096594,10.985788,9.178068,1.8077199999999998
2023-09-28,36.114853,7.222971067298204,23.53437,11am,56.4254769,2.88000409,64.30803096,10.83445,7.3042936,3.5301564
2023-09-29,96.97214,16.162023146947224,48.668354,8am,151.50827958,7.73311079,172.67375783,29.091642,22.198608,6.893034
2023-09-30,17.756006,4.43900170152483,12.315522,10am,27.74180214,1.41596506,31.61729008,5.326708,4.510682,0.8160259999999999
2023-10-01,0,0,0,-,0,0,0,0,0,0
2023-10-02,21.538946,7.1796488761901855,13.376469,9am,33.6522289,1.71763824,38.35339455,6.4616838,5.5819187,0.8797651000000002
2023-10-03,37.657787,9.414446532726288,24.168242,9am,58.8361412,3.00304643,67.05546142,11.297336,6.783491,4.513845
2023-10-04,21.7271,7.242366949717204,13.367846,9am,33.94619879,1.73264271,38.68843158,6.5181303,5.617317,0.9008133000000003
2023-10-05,33.77986,6.755972146987915,17.193167,9am,52.77730772,2.69379845,60.15021805,10.133959,5.4128866,4.721072400000001
2023-10-06,61.361324,10.226886784036955,34.718765,12pm,95.87030494,4.89330149,109.26324201,18.39992,9.19996,9.19996
2023-10-07,0,0,0,-,0,0,0,0,0,0
2023-10-08,20.71382,20.71381950378418,20.71382,6pm,32.36306048,1.65183799,36.88413124,6.2141457,3.1070728,3.1070729000000004
2023-10-09,2.2230778,2.2230777740478516,2.2230778,7am,3.47331401,0.17728089,3.95853075,0.66692334,0.66692334,0
2023-10-10,47.003716,11.750929474830627,29.40568,9am,73.43812506,3.74834405,83.69732043,14.101116,8.790013,5.311102999999999
2023-10-11,19.146456,4.786613821983337,13.389885,7am,29.914227,1.52684746,34.09319942,5.7439365,5.2287197,0.5152168000000001
2023-10-12,26.649673,8.883224169413248,18.398867,9am,41.63717649,2.12519672,47.45382727,7.9949017,4.3322287,3.662673
2023-10-13,34.228397,17.11419916152954,31.988659,8am,53.47809734,2.72956734,60.94890692,10.268519,5.4702206,4.798298399999999
2023-10-14,29.823252,14.911626100540161,23.78321,12pm,46.59554385,2.37827599,53.10487109,8.946976,8.040969,0.9060069999999989
2023-10-15,0,0,0,-,0,0,0,0,0,0
2023-10-16,82.89701,16.579403829574584,35.905056,9am,129.51744045,6.61067976,147.61083163,24.869106,14.756197,10.112908999999998
2023-10-17,37.29412,12.431374788284302,17.742931,7pm,58.2679516,2.97404555,66.40789659,11.188237,8.526797,2.6614400000000007
2023-10-18,62.78879,15.69719797372818,39.36069,8am,98.10056321,5.00713576,111.805064,18.836637,17.642193,1.1944440000000007
2023-10-19,44.505413,14.835138400395712,36.301273,9am,69.53480201,3.54911513,79.24870903,13.3516245,7.0180697,6.3335548
2023-10-20,43.48904,14.49634607632955,35.55409,7am,67.94683123,3.46806376,77.43890113,13.046712,6.8680086,6.1787034
2023-10-21,4.9370933,4.937093257904053,4.9370933,11am,7.71366407,0.39371194,8.79125131,1.481128,1.481128,0
2023-10-22,0,0,0,-,0,0,0,0,0,0
2023-10-23,50.3348,16.778266112009685,34.971268,9am,78.64257663,4.01398366,89.62882603,15.100439,9.85475,5.2456890000000005
2023-10-24,8.190509,4.095254302024841,5.8942475,7am,12.79676748,0.65315784,14.5844566,2.4571526,1.5730155,0.8841371000000002
2023-10-25,15.827615,7.913807392120361,13.6041355,9am,24.72890377,1.26218417,28.18349435,4.0812407,4.0812407,0
2023-10-26,66.68863,13.337725496292114,29.676981,9am,104.19363334,5.31813121,118.74932684,19.34193,9.670965,9.670965
2023-10-27,41.38017,8.2760338306427,13.855453,10am,64.65195432,3.29989046,73.68373487,12.414051,8.615021,3.79903
2023-10-28,0.00028083334,0.00014041666872799397,0.00014333334,-,0.00043877,0.0000224,0.00050007,0.00008425,0,0.00008425
2023-10-29,4.121459,4.121459007263184,4.121459,2pm,6.43932538,0.32866862,7.33888943,1.2364378,0.6182189,0.6182189
2023-10-30,48.229576,12.057393372058868,19.170546,10am,75.35339619,3.8461011,85.88015204,14.468872,14.468872,0
2023-10-31,53.553,10.710600275918841,32.938713,11am,83.67065939,4.27062126,95.35932437,16.065899,10.052301,6.013598000000002
2023-11-01,33.18421,8.296052694320679,14.466401,9am,51.84667025,2.64629792,59.08957193,9.955263,7.476613,2.47865
2023-11-02,25.874382,6.468595445156097,10.890636,9am,40.42586976,2.0633706,46.07330282,7.7623143,4.2063737,3.5559405999999996
2023-11-03,52.94851,7.5640721661703925,19.625393,8am,82.7262104,4.22241578,94.28293728,15.884552,8.285378,7.599174
2023-11-04,5.8166685,5.816668510437012,5.8166685,9am,9.08790336,0.46385428,10.35746976,1.7450005,1.7450005,0
2023-11-05,0,0,0,-,0,0,0,0,0,0
2023-11-06,75.27658,12.54609719912211,25.676695,8am,117.61135857,6.00298326,134.04148806,22.582973,12.8984585,9.684514499999999
2023-11-07,30.915401,10.305133819580078,17.878822,11am,48.30190628,2.46537017,55.04960977,9.27462,7.652993,1.6216270000000002
2023-11-08,84.70711,16.941421604156496,34.15353,10am,132.34552217,6.75502744,150.8339921,25.412132,18.656927,6.755205
2023-11-09,54.22105,10.84420952796936,25.935946,1pm,84.71441388,4.32389537,96.54888979,16.266314,9.931396,6.334918000000002
2023-11-10,0,0,0,-,0,0,0,0,0,0
2023-11-11,5.831897,5.831896781921387,5.831897,11am,9.11169622,0.46506869,10.38458644,1.749569,1.749569,0
2023-11-12,0,0,0,-,0,0,0,0,0,0
2023-11-13,87.21361,17.442722034454345,32.270596,1pm,136.26165213,6.95491003,155.29719952,26.16408,15.609429,10.554650999999998
2023-11-14,102.03512,20.40702353809029,48.18294,12pm,159.41862774,8.13686166,181.68916971,30.610596,16.932074,13.678522000000001
2023-11-15,32.011127,8.002781450748444,13.340883,10am,50.01385737,2.5527496,57.00071785,9.603338,5.1374226,4.465915400000001
2023-11-16,71.47786,14.295572471618652,31.2754,10am,111.6762773,5.70005169,127.27728488,21.44336,11.06827,10.375089999999998
2023-11-17,27.21927,9.073090394337973,9.837078,11am,42.52710901,2.17061963,48.46808203,8.165781,5.558452,2.607329000000001
2023-11-18,18.6016,6.200533469518025,10.361374,2pm,29.06294956,1.48339754,33.1229998,5.5804796,4.0262737,1.5542059000000004
2023-11-19,0,0,0,-,0,0,0,0,0,0
2023-11-20,110.52994,22.105989027023316,37.247883,10am,172.69084761,8.81428699,196.81549869,33.158985,18.871372,14.287613
2023-11-21,13.060953,6.530476331710815,10.905688,10am,20.40629936,1.04155479,23.25702862,3.9182858,3.9182858,0
2023-11-22,47.093533,11.773383140563965,18.093115,11am,73.57845423,3.75550656,83.85725336,14.128059,9.394627,4.7334320000000005
2023-11-23,0,0,0,-,0,0,0,0,0,0
2023-11-24,0,0,0,-,0,0,0,0,0,0
2023-11-25,0,0,0,-,0,0,0,0,0,0
2023-11-26,0,0,0,-,0,0,0,0,0,0
2023-11-27,92.054306,15.342383530728208,36.098732,11am,143.82470605,7.3409347,163.91680066,27.616291,16.862001,10.754290000000001
2023-11-28,23.049347,7.683115879694621,10.686275,11am,36.01206397,1.83808622,41.04289502,6.9148045,5.3859878,1.5288167000000001
2023-11-29,50.23158,10.046316051483155,14.392404,10am,78.48130676,4.00575231,89.445027,15.103025,11.281154,3.821871
2023-11-30,50.93596,16.978652954101562,33.797848,9am,79.58182287,4.06192358,90.69928355,15.2807865,7.6403933,7.640393199999999
2023-12-01,25.709623,5.141924936010037,13.784635,8am,40.16845198,2.05023178,45.77992417,7.7128873,4.1756797,3.5372076000000003
2023-12-02,0.008196111,0.0020490277966018766,0.0030425,1pm,0.01280552,0.0006536,0.01459443,0.0024588334,0.000055166667,0.0024036667329999997
2023-12-03,0,0,0,-,0,0,0,0,0,0
2023-12-04,12.348929,6.174464821815491,10.1366,8am,19.29384035,0.98477394,21.98916076,3.70468,2.18419,1.5204900000000001
2023-12-05,18.80528,6.268426985062736,18.804338,10am,29.38117711,1.49964014,33.48568326,5.6415844,2.8209336,2.8206508
2023-12-06,2.23622,0.7454065793281188,2.2359667,9am,3.49384725,0.17832892,3.98193245,0.67086595,0.67084944,0.000016510000000025116
2023-12-07,95.91696,19.1833914220857,47.937557,8am,149.85967714,7.64896473,170.79484812,28.775085,14.728573,14.046512
2023-12-08,37.258972,7.4517939572382605,24.759254,8am,58.21303672,2.97124265,66.34531019,11.1776905,5.912848,5.2648425
2023-12-09,6.774593,3.387296535074711,6.6997714,11am,10.5845548,0.54024463,12.06320115,2.0323777,2.0323777,0
2023-12-10,0.00030694445,0.00030694445013068616,0.00030694445,5pm,0.00047957,0.00002448,0.00054656,0.00009208333,0.000046041667,0.000046041663
2023-12-11,54.12085,7.731549755952853,24.67186,8am,84.55786242,4.31590485,96.37046833,16.236254,10.381191,5.8550629999999995
2023-12-12,82.85567,16.57113370895386,30.162125,10am,129.45285125,6.60738307,147.53721942,24.8567,14.699738,10.156962
2023-12-13,42.88086,7.146810332934062,13.498582,9am,66.99661702,3.41956402,76.35594342,12.864258,10.208744,2.655514
2023-12-14,86.31204,14.385340770085653,35.49115,9am,134.85304839,6.8830137,153.69181595,25.897211,14.96455,10.932661
2023-12-15,76.22703,15.245405435562134,29.515032,9am,119.09633192,6.07877756,135.73390995,22.868107,13.452685,9.415421999999998
2023-12-16,0,0,0,-,0,0,0,0,0,0
2023-12-17,0,0,0,-,0,0,0,0,0,0
2023-12-18,101.8953,16.982550859451294,28.924034,9am,159.2001744,8.12571161,181.44019877,30.568592,17.944496,12.624095999999998
2023-12-19,20.530561,4.106112139188918,10.993665,9am,32.07673849,1.63722388,36.5578105,6.1591682,5.0900927,1.0690755000000003
2023-12-20,63.11056,3.7123860751881317,11.653604,8am,98.60329337,5.03279553,112.3780248,15.297036,6.255023,9.042013
2023-12-21,86.09584,12.29940617297377,39.56067,9am,134.51525972,6.86577268,153.30683871,25.828754,13.261403,12.567351
2023-12-22,69.004005,9.857715095792498,19.770424,8am,107.81115155,5.5027724,122.87220689,20.7012,12.053093,8.648107
2023-12-23,0,0,0,-,0,0,0,0,0,0
2023-12-24,0,0,0,-,0,0,0,0,0,0
2023-12-25,0,0,0,-,0,0,0,0,0,0
2023-12-26,0,0,0,-,0,0,0,0,0,0
2023-12-27,0,0,0,-,0,0,0,0,0,0
2023-12-28,0,0,0,-,0,0,0,0,0,0
2023-12-29,0,0,0,-,0,0,0,0,0,0
2023-12-30,0,0,0,-,0,0,0,0,0,0
2023-12-31,0,0,0,-,0,0,0,0,0,0
2024-01-01,0,0,0,-,0,0,0,0,0,0
2024-01-02,0,0,0,-,0,0,0,0,0,0
2024-01-03,0,0,0,-,0,0,0,0,0,0
2024-01-04,0,0,0,-,0,0,0,0,0,0
2024-01-05,0,0,0,-,0,0,0,0,0,0
2024-01-06,13.081361,13.081360816955566,13.081361,2pm,20.43818461,1.04318224,23.29336819,3.9244082,1.9622041,1.9622041
2024-01-07,0,0,0,-,0,0,0,0,0,0
2024-01-08,116.91382,23.3827627658844,62.521008,12pm,182.66495642,9.32337394,208.18297546,35.074142,19.89626,15.177882
2024-01-09,7.4635334,1.8658832907676697,5.167966,7am,11.66094824,0.59518467,13.28996513,2.2391841,2.2391841,0
2024-01-10,36.80112,9.200280666351318,13.671157,10am,57.49769344,2.93473093,65.53003453,11.040338,9.403752,1.6365859999999994
2024-01-11,55.390682,6.923835135498848,31.391258,9am,86.54183495,4.41716849,98.63159883,16.617205,10.55606,6.061144999999998
2024-01-12,36.762897,9.190724790096283,11.9414,9am,57.43797421,2.93168281,65.46197262,11.029462,9.324102,1.7053600000000007
2024-01-13,5.371096,5.371096134185791,5.371096,7pm,8.39174545,0.42832179,9.56405964,1.6113288,1.6113288,0
2024-01-14,45.753464,45.75346374511719,45.753464,1am,71.48474413,3.64864183,81.47105512,13.726141,6.8630705,6.8630705
2024-01-15,0,0,0,-,0,0,0,0,0,0
2024-01-16,81.56056,16.312112426757814,36.1603,9am,127.42938464,6.50410362,145.23107757,24.46898,12.571546,11.897433999999999
2024-01-17,25.853914,6.463478597113863,12.774572,9am,40.39389077,2.06173837,46.03685641,7.7561746,7.7542353,0.0019392999999992
2024-01-18,52.04512,13.011280357837677,27.79389,9am,81.3147631,4.15037432,92.67431292,15.613537,9.804226,5.809311000000001
2024-01-19,52.47992,10.495983839035034,18.068905,9am,81.99409018,4.18504774,93.44854096,15.743975,9.942655,5.8013200000000005
2024-01-20,31.296108,10.43203608194987,18.383759,11am,48.896719,2.49572991,55.72751693,9.540852,7.6039996,1.9368523999999994
2024-01-21,0,0,0,-,0,0,0,0,0,0
2024-01-22,63.8202,12.764040470123291,27.350698,9am,99.71202765,5.08938627,113.64164759,19.41658,12.323911,7.092668999999999
2024-01-23,51.638443,12.90961080789566,27.038649,10am,80.67937512,4.11794358,91.9501622,15.491532,9.833443,5.658088999999999
2024-01-24,90.57482,18.1149640083313,35.094864,9am,141.51317225,7.22295206,161.28234908,27.172447,15.60165,11.570796999999999
2024-01-25,65.10852,16.277128517627716,44.169994,9am,101.72488563,5.19212424,115.9356988,19.532555,10.106919,9.425635999999999
2024-01-26,68.10537,13.621074008941651,30.508602,9am,106.40713342,5.43111013,121.27204955,20.431612,11.915766,8.515846000000002
2024-01-27,0,0,0,-,0,0,0,0,0,0
2024-01-28,0,0,0,-,0,0,0,0,0,0
2024-01-29,114.07309,22.814619302749634,34.744404,10am,178.22662893,9.09683795,203.12462031,34.221928,17.45476,16.767167999999998
2024-01-30,50.12278,12.53069543838501,24.92363,10am,78.31131875,3.99707597,89.25129192,15.036835,9.528432,5.5084029999999995
2024-01-31,55.624096,11.124819421768189,18.70493,9am,86.9065186,4.43578225,99.04722823,16.68723,12.166654,4.520576
2024-02-01,64.11775,16.029437601566315,38.828434,10am,100.17691672,5.1131146,114.17148097,19.235325,11.3101225,7.925202499999999
2024-02-02,36.402332,7.280466239980887,18.613586,9am,56.87463115,2.9029293,64.81993138,11.055377,7.0706244,3.9847526
2024-02-03,0.0026458334,0.0026458334177732468,0.0026458334,-,0.00413382,0.00021099,0.00471131,0.00079375,0,0.00079375
2024-02-04,0,0,0,-,0,0,0,0,0,0
2024-02-05,76.35823,15.271645402908325,34.583572,10am,119.30131746,6.08924019,135.96753166,22.907467,13.667343,9.240124
2024-02-06,44.946156,11.236539141042158,30.838451,11am,70.22341437,3.58426249,80.03351949,13.483847,13.482002,0.0018450000000012068
2024-02-07,68.05735,13.611470174789428,22.52536,9am,106.33210746,5.42728074,121.18654258,20.417206,11.989434,8.427772000000001
2024-02-08,87.83111,12.547300747462682,28.845005,8am,137.22642782,7.00415299,156.39675291,26.34933,13.516772,12.832557999999999
2024-02-09,67.19804,13.43960680961609,22.457968,9am,104.98953031,5.35875447,119.65640942,20.159409,12.132366,8.027043
2024-02-10,27.27026,5.454052106168092,19.175776,9am,42.60677527,2.17468586,48.55887754,8.181078,7.5952005,0.5858774999999996
2024-02-11,0,0,0,-,0,0,0,0,0,0
2024-02-12,59.22409,8.460584070533514,15.584668,10am,92.5311124,4.72286627,105.4575693,17.767227,13.206635,4.560591999999998
2024-02-13,23.191582,5.797895193099976,10.997083,10am,36.23429048,1.84942885,41.29616624,6.9574747,5.6636,1.2938747
2024-02-14,118.11328,23.62265510559082,41.623344,8am,184.53898046,9.41902572,210.31879783,35.433983,18.059895,17.374087999999997
2024-02-15,34.233936,6.846787166595459,11.110852,10am,53.48675142,2.73000905,60.95876996,10.270181,8.603553,1.6666279999999993
2024-02-16,80.60305,11.514721052987236,23.98782,9am,125.93338081,6.42774632,143.52608426,24.180914,13.988523,10.192391
2024-02-17,17.87304,4.4682595886988565,7.489463,12pm,27.92465487,1.42529801,31.82568706,5.361912,4.3750925,0.9868195000000002
2024-02-18,1.7109789,1.7109788656234741,1.7109789,5pm,2.67321593,0.1364432,3.04666017,0.5132937,0.25664684,0.25664686
2024-02-19,0,0,0,-,0,0,0,0,0,0
2024-02-20,0,0,0,-,0,0,0,0,0,0
2024-02-21,28.284044,14.142022013664246,25.812937,10am,44.19070102,2.25553077,50.36407533,8.485213,4.2426066,4.2426064
2024-02-22,0,0,0,-,0,0,0,0,0,0
2024-02-23,0,0,0,-,0,0,0,0,0,0
2024-02-24,11.324943,11.324942588806152,11.324943,1pm,17.6939751,0.90311546,20.16579674,3.3974826,1.6987413,1.6987413
2024-02-25,0,0,0,-,0,0,0,0,0,0
2024-02-26,54.36132,10.872264003753662,25.831532,9am,84.93357029,4.3350813,96.79866202,16.308395,10.664555,5.643840000000001
2024-02-27,50.07079,12.51769769191742,25.866686,10am,78.23009011,3.99293,89.15871576,15.021237,9.457316,5.563920999999999
2024-02-28,38.70672,7.741344371251762,14.642935,9am,60.47498339,3.08669432,68.9232474,11.612016,7.7181993,3.8938167000000004
2024-02-29,69.50786,13.901571188370871,39.630905,9am,108.59836945,5.54295267,123.76939794,21.011805,11.810951,9.200854
2024-03-01,72.36446,12.060743729273478,25.8085,9am,113.06149207,5.77075423,128.85601207,21.70934,12.65056,9.05878
2024-03-02,6.404831,3.2024154821410775,6.4026012,2pm,10.00684244,0.51075771,11.40478324,1.9214493,0.9603902,0.9610590999999999
2024-03-03,0,0,0,-,0,0,0,0,0,0
2024-03-04,108.86949,18.14491558074951,37.78374,8am,170.09657752,8.68187325,193.85881297,32.660847,18.377903,14.282943999999997
2024-03-05,101.06727,16.844545165697735,50.823334,9am,157.9064688,8.05967978,179.96576444,30.320183,17.16618,13.154003
2024-03-06,74.057175,14.811435413360595,30.276289,9am,115.70617267,5.90574096,131.87015056,22.217154,12.977051,9.240103000000001
2024-03-07,63.16392,9.023416544782647,25.157095,8am,98.68666249,5.03705076,112.47304046,18.949175,9.818172,9.131003
2024-03-08,69.94032,9.991475221301828,24.310171,9am,109.27404053,5.57743949,124.53945926,20.982098,14.406418,6.57568
2024-03-09,4.0685987,2.0342992660589516,4.067767,12pm,6.35673699,0.32445323,7.24476356,1.2205795,1.2203301,0.0002493999999999552
2024-03-10,0,0,0,-,0,0,0,0,0,0
2024-03-11,101.15592,16.85932147502899,39.232018,8am,158.04497466,8.06674924,180.12361936,30.346777,17.305954,13.040823
2024-03-12,52.390427,10.478084611892701,14.995804,8am,81.85426723,4.17791106,93.28918496,15.745517,9.792909,5.952608
2024-03-13,58.100266,11.620053958892822,25.800182,11am,90.77526127,4.63324615,103.45642843,17.43008,12.444515,4.985564999999999
2024-03-14,36.966873,7.393374633789063,17.641619,10am,57.75666423,2.94794901,65.82518315,11.090062,7.309102,3.7809599999999994
2024-03-15,61.45755,8.779649907240778,15.595131,9am,96.02064745,4.9009751,109.43458715,18.443203,11.191303,7.251900000000001
2024-03-16,15.531408,3.8828521999239456,12.634149,12pm,24.26611298,1.23856294,27.65605239,4.659423,2.763882,1.8955410000000001
2024-03-17,0,0,0,-,0,0,0,0,0,0
2024-03-18,68.271774,17.067944049835205,19.90364,10am,106.66712133,5.44438013,121.56835737,20.481533,10.240767,10.240765999999999
2024-03-19,19.812172,4.953043256886303,10.105525,9am,30.95433487,1.57993544,35.27860878,5.943652,4.845862,1.0977899999999998
2024-03-20,23.428549,4.685709714889526,11.354584,11am,36.6045253,1.86832595,41.7181223,7.0285645,3.8558087,3.1727558
2024-03-21,16.349497,3.269899229792645,7.994031,8pm,25.54428687,1.30380202,29.11278524,4.904849,2.92177,1.9830789999999996
2024-03-22,27.96251,6.990627221137402,18.137989,9am,43.68833959,2.22988982,49.79153477,8.388753,4.194342,4.194411
2024-03-23,11.40074,3.800246572199588,6.999301,11am,17.81239955,0.90915995,20.30076492,3.4202218,3.420127,0.00009480000000028355
2024-03-24,0,0,0,-,0,0,0,0,0,0
2024-03-25,97.87158,16.31192970275879,25.996054,8am,152.91355544,7.80483726,174.27534861,29.361473,43.482826,-14.121353000000003
2024-03-26,46.634476,5.1816082059582795,29.065119,9am,72.86122827,3.71889874,83.03983201,13.990342,7.343765,6.646577
2024-03-27,85.1497,21.287423133850098,39.971455,2pm,133.03702026,6.79032209,151.62209143,25.544909,35.298954,-9.754045000000001
2024-03-28,25.274996,8.424998680750528,15.289935,8pm,39.48939521,2.01557215,45.00600418,7.5824986,4.1539435,3.4285551000000005
2024-03-29,66.97641,13.395281993411482,25.671503,8am,104.64325786,5.34108043,119.26176323,20.092922,10.389912,9.70301
2024-03-30,23.138777,4.627755249640904,16.095379,12pm,36.15178849,1.84521788,41.20213884,6.9416327,5.952672,0.9889607000000007
2024-03-31,0.00021361111,0.00021361111430451274,0.00021361111,-,0.00033374,0.00001703,0.00038037,0.00006408333,0,0.00006408333
2024-04-01,79.505135,15.901026964187622,26.855536,8am,124.21800964,6.34019232,141.57107833,23.85154,12.261307,11.590233
2024-04-02,65.40494,13.080988144874572,27.006054,7am,102.18800921,5.21576246,116.46352005,19.62148,10.406571,9.214908999999999
2024-04-03,41.527306,10.381826221942902,19.689913,9am,64.8818381,3.31162392,73.94573307,12.458192,6.5753717,5.882820300000001
2024-04-04,50.727005,16.909000873565674,25.223507,9am,79.25535371,4.04526032,90.32720714,15.2181015,7.6090508,7.609050699999999
2024-04-05,56.233696,11.246739492670168,24.65539,8am,87.8589514,4.48439522,100.13271446,16.87011,8.7714615,8.098648500000001
2024-04-06,7.234944,3.617471933364868,3.8332255,12pm,11.3038025,0.57695564,12.88292667,2.170483,1.6602254,0.5102575999999999
2024-04-07,0,0,0,-,0,0,0,0,0,0
2024-04-08,76.79066,12.79844303347636,25.093212,9am,119.97694167,6.12372462,136.73753955,23.037197,11.859094,11.178102999999998
2024-04-09,13.89046,6.94523012638092,11.551261,8am,21.70231261,1.1077044,24.73409297,4.167138,2.434449,1.7326889999999997
2024-04-10,36.193226,7.238644965924323,17.778297,8am,56.54792607,2.886254,64.4475861,10.857967,5.797309,5.060658
2024-04-11,80.647125,20.16178250312805,34.160526,8am,126.00224314,6.43126111,143.60456655,24.19414,12.09707,12.09707
2024-04-12,29.168768,4.861461394932121,13.388846,8am,45.57298475,2.3260837,51.93946201,8.750631,4.715504,4.035127
2024-04-13,0.0017308333,0.001730833319015801,0.0017308333,-,0.00270424,0.00013803,0.00308201,0.00051925,0,0.00051925
2024-04-14,0,0,0,-,0,0,0,0,0,0
2024-04-15,0,0,0,-,0,0,0,0,0,0
2024-04-16,0,0,0,-,0,0,0,0,0,0
2024-04-17,0,0,0,-,0,0,0,0,0,0
2024-04-18,17.256773,8.628386735916138,14.1457615,9am,26.96180561,1.37615337,30.72832921,5.1770325,2.5885162,2.5885163
2024-04-19,16.592625,16.59262466430664,16.592625,7am,25.92414757,1.32319043,29.5457119,4.9777875,2.4888937,2.4888937999999996
2024-04-20,0,0,0,8am,0,0,0,0,0,0
2024-04-21,0,0,0,-,0,0,0,0,0,0
2024-04-22,81.72734,16.34546799659729,25.849487,8am,127.68996,6.51740361,145.52805492,24.518204,12.594959,11.923245000000001
2024-04-23,83.69832,13.949719150861105,25.682753,8am,130.76939899,6.67458078,149.03768689,25.109493,14.228821,10.880672
2024-04-24,60.601555,15.150389194488525,25.818222,9am,94.68324962,4.83271318,107.91035686,18.180468,9.423593,8.756875
2024-04-25,108.02478,18.00412952899933,39.647972,10am,168.77681126,8.61451126,192.35467735,32.407433,16.527714,15.879718999999998
2024-04-26,66.005295,13.20105767250061,36.84764,8am,103.12599772,5.26363819,117.53254414,19.801586,9.900793,9.900793
2024-04-27,27.30606,13.653029918670654,20.548243,10am,42.66270882,2.17754076,48.62262493,8.191818,8.191818,0
2024-04-28,0,0,0,-,0,0,0,0,0,0
2024-04-29,80.46391,16.092782974243164,29.00235,8am,125.7159899,6.4166505,143.27832416,24.139174,12.069587,12.069587
2024-04-30,60.6853,15.171323657035828,25.750658,7am,94.81409195,4.83939148,108.05947766,18.20559,9.429287,8.776303
2024-05-01,89.901,14.983501633008322,38.54057,9am,140.46040278,7.16921781,160.0825093,26.970304,13.813922,13.156381999999999
2024-05-02,50.128166,12.532041490077972,25.818153,7am,78.31973378,3.99750548,89.26088252,15.03845,7.853468,7.184981999999999
2024-05-03,89.96585,17.993170547485352,36.88304,10am,140.56172375,7.17438932,160.19798466,26.989754,13.823403,13.166351
2024-05-04,5.214046,5.214046001434326,5.214046,12pm,8.14637213,0.41579773,9.28440804,1.5642138,0.7821069,0.7821069
2024-05-05,0,0,0,-,0,0,0,0,0,0
2024-05-06,31.085136,10.361712217330933,19.212675,8am,48.56709851,2.4789058,55.35184895,9.325541,4.994514,4.331027
2024-05-07,101.541435,14.505920001438685,33.10768,8am,158.64729935,8.0974924,180.8100879,30.462431,15.93983,14.522600999999998
2024-05-08,56.209625,11.241924571990968,24.599829,9am,87.82134312,4.48247567,100.08985236,16.862888,8.763004,8.099884000000001
2024-05-09,61.265854,15.316463768482208,38.118484,7am,95.72114358,4.88568817,109.09324304,18.379757,9.521524,8.858233000000002
2024-05-10,106.20863,15.17266321182251,35.798557,8am,165.93927707,8.46968112,189.12074392,31.86259,16.27245,15.590140000000002
2024-05-11,2.9961033,2.996103286743164,2.9961033,11am,4.68108115,0.23892634,5.33502113,0.898831,0.4494155,0.4494155
2024-05-12,0,0,0,-,0,0,0,0,0,0
2024-05-13,101.13996,16.856661359469097,29.593872,9am,158.02003892,8.0654765,180.09520013,30.341991,15.492519,14.849472
2024-05-14,26.73396,8.911319812138876,24.58171,7am,41.76886563,2.13191825,47.6039132,8.020188,4.3329315,3.6872564999999993
2024-05-15,49.780636,12.445158541202545,24.564499,8am,77.77675647,3.96979146,88.64205209,14.93419,7.801096,7.133093999999999
2024-05-16,93.74829,15.62471346060435,34.51314,9am,146.47136932,7.47602263,166.9331988,28.124481,14.395933,13.728548
2024-05-17,90.89211,22.72302794456482,38.10946,8am,142.0089029,7.24825457,161.84733256,27.267633,13.633817,13.633816
2024-05-18,0.5865689,0.1955229640007019,0.5865689,1pm,0.91644925,0.04677635,1.04447583,0.17597067,0.08798534,0.08798533
2024-05-19,0,0,0,-,0,0,0,0,0,0
2024-05-20,101.67964,16.946606914202373,28.367962,9am,158.86322943,8.10851366,181.05618309,30.503891,15.580976,14.922915
2024-05-21,47.07493,9.414985585212708,24.622017,7am,73.54938909,3.75402306,83.82412787,14.122478,9.196716,4.925761999999999
2024-05-22,34.18485,8.546212077140808,15.956262,8am,53.41005995,2.72609465,60.87136481,10.255455,5.1277275,5.1277275
2024-05-23,84.25656,21.064140021800995,38.19401,8am,131.64158746,6.71909802,150.03171877,25.279999,12.98,12.299999
2024-05-24,72.21544,14.44308870844543,30.119,7am,112.82866474,5.75887052,128.59065912,21.67,11.16,10.510000000000002
2024-05-25,3.164886,3.164885997772217,3.164886,4pm,4.94478551,0.25238604,5.63556459,0.95,0.47,0.48
2024-05-26,0,0,0,-,0,0,0,0,0,0
2024-05-27,0,0,0,-,0,0,0,0,0,0
2024-05-28,123.71602,13.74622490670946,40.34144,9am,193.29264412,9.86582012,220.29533511,37.11,18.89,18.22
2024-05-29,100.78147,16.79691203435262,38.080147,10am,157.45993781,8.03688847,179.45685374,30.23,20.82,9.41
2024-05-30,57.179676,11.435934925079346,24.509321,8am,89.33694088,4.55983306,101.81717684,17.150002,8.92,8.230002
2024-05-31,49.274986,7.039283786501203,16.358315,8am,76.98673408,3.92946805,87.74166477,14.790001,7.7200003,7.0700007000000005
2024-06-01,0,0,0,-,0,0,0,0,0,0
